generated_user_login_0,123qweASD!@#,generated_user_firstname_0,generated_user_lastname_0,generated_user_email_0@mail.com,Moscow
generated_user_login_1,123qweASD!@#,generated_user_firstname_1,generated_user_lastname_1,generated_user_email_1@mail.com,Moscow
generated_user_login_2,123qweASD!@#,generated_user_firstname_2,generated_user_lastname_2,generated_user_email_2@mail.com,Moscow
generated_user_login_3,123qweASD!@#,generated_user_firstname_3,generated_user_lastname_3,generated_user_email_3@mail.com,Moscow
generated_user_login_4,123qweASD!@#,generated_user_firstname_4,generated_user_lastname_4,generated_user_email_4@mail.com,Moscow
generated_user_login_5,123qweASD!@#,generated_user_firstname_5,generated_user_lastname_5,generated_user_email_5@mail.com,Moscow
generated_user_login_6,123qweASD!@#,generated_user_firstname_6,generated_user_lastname_6,generated_user_email_6@mail.com,Moscow
generated_user_login_7,123qweASD!@#,generated_user_firstname_7,generated_user_lastname_7,generated_user_email_7@mail.com,Moscow
generated_user_login_8,123qweASD!@#,generated_user_firstname_8,generated_user_lastname_8,generated_user_email_8@mail.com,Moscow
generated_user_login_9,123qweASD!@#,generated_user_firstname_9,generated_user_lastname_9,generated_user_email_9@mail.com,Moscow
generated_user_login_10,123qweASD!@#,generated_user_firstname_10,generated_user_lastname_10,generated_user_email_10@mail.com,Moscow
generated_user_login_11,123qweASD!@#,generated_user_firstname_11,generated_user_lastname_11,generated_user_email_11@mail.com,Moscow
generated_user_login_12,123qweASD!@#,generated_user_firstname_12,generated_user_lastname_12,generated_user_email_12@mail.com,Moscow
generated_user_login_13,123qweASD!@#,generated_user_firstname_13,generated_user_lastname_13,generated_user_email_13@mail.com,Moscow
generated_user_login_14,123qweASD!@#,generated_user_firstname_14,generated_user_lastname_14,generated_user_email_14@mail.com,Moscow
generated_user_login_15,123qweASD!@#,generated_user_firstname_15,generated_user_lastname_15,generated_user_email_15@mail.com,Moscow
generated_user_login_16,123qweASD!@#,generated_user_firstname_16,generated_user_lastname_16,generated_user_email_16@mail.com,Moscow
generated_user_login_17,123qweASD!@#,generated_user_firstname_17,generated_user_lastname_17,generated_user_email_17@mail.com,Moscow
generated_user_login_18,123qweASD!@#,generated_user_firstname_18,generated_user_lastname_18,generated_user_email_18@mail.com,Moscow
generated_user_login_19,123qweASD!@#,generated_user_firstname_19,generated_user_lastname_19,generated_user_email_19@mail.com,Moscow
generated_user_login_20,123qweASD!@#,generated_user_firstname_20,generated_user_lastname_20,generated_user_email_20@mail.com,Moscow
generated_user_login_21,123qweASD!@#,generated_user_firstname_21,generated_user_lastname_21,generated_user_email_21@mail.com,Moscow
generated_user_login_22,123qweASD!@#,generated_user_firstname_22,generated_user_lastname_22,generated_user_email_22@mail.com,Moscow
generated_user_login_23,123qweASD!@#,generated_user_firstname_23,generated_user_lastname_23,generated_user_email_23@mail.com,Moscow
generated_user_login_24,123qweASD!@#,generated_user_firstname_24,generated_user_lastname_24,generated_user_email_24@mail.com,Moscow
generated_user_login_25,123qweASD!@#,generated_user_firstname_25,generated_user_lastname_25,generated_user_email_25@mail.com,Moscow
generated_user_login_26,123qweASD!@#,generated_user_firstname_26,generated_user_lastname_26,generated_user_email_26@mail.com,Moscow
generated_user_login_27,123qweASD!@#,generated_user_firstname_27,generated_user_lastname_27,generated_user_email_27@mail.com,Moscow
generated_user_login_28,123qweASD!@#,generated_user_firstname_28,generated_user_lastname_28,generated_user_email_28@mail.com,Moscow
generated_user_login_29,123qweASD!@#,generated_user_firstname_29,generated_user_lastname_29,generated_user_email_29@mail.com,Moscow
generated_user_login_30,123qweASD!@#,generated_user_firstname_30,generated_user_lastname_30,generated_user_email_30@mail.com,Moscow
generated_user_login_31,123qweASD!@#,generated_user_firstname_31,generated_user_lastname_31,generated_user_email_31@mail.com,Moscow
generated_user_login_32,123qweASD!@#,generated_user_firstname_32,generated_user_lastname_32,generated_user_email_32@mail.com,Moscow
generated_user_login_33,123qweASD!@#,generated_user_firstname_33,generated_user_lastname_33,generated_user_email_33@mail.com,Moscow
generated_user_login_34,123qweASD!@#,generated_user_firstname_34,generated_user_lastname_34,generated_user_email_34@mail.com,Moscow
generated_user_login_35,123qweASD!@#,generated_user_firstname_35,generated_user_lastname_35,generated_user_email_35@mail.com,Moscow
generated_user_login_36,123qweASD!@#,generated_user_firstname_36,generated_user_lastname_36,generated_user_email_36@mail.com,Moscow
generated_user_login_37,123qweASD!@#,generated_user_firstname_37,generated_user_lastname_37,generated_user_email_37@mail.com,Moscow
generated_user_login_38,123qweASD!@#,generated_user_firstname_38,generated_user_lastname_38,generated_user_email_38@mail.com,Moscow
generated_user_login_39,123qweASD!@#,generated_user_firstname_39,generated_user_lastname_39,generated_user_email_39@mail.com,Moscow
generated_user_login_40,123qweASD!@#,generated_user_firstname_40,generated_user_lastname_40,generated_user_email_40@mail.com,Moscow
generated_user_login_41,123qweASD!@#,generated_user_firstname_41,generated_user_lastname_41,generated_user_email_41@mail.com,Moscow
generated_user_login_42,123qweASD!@#,generated_user_firstname_42,generated_user_lastname_42,generated_user_email_42@mail.com,Moscow
generated_user_login_43,123qweASD!@#,generated_user_firstname_43,generated_user_lastname_43,generated_user_email_43@mail.com,Moscow
generated_user_login_44,123qweASD!@#,generated_user_firstname_44,generated_user_lastname_44,generated_user_email_44@mail.com,Moscow
generated_user_login_45,123qweASD!@#,generated_user_firstname_45,generated_user_lastname_45,generated_user_email_45@mail.com,Moscow
generated_user_login_46,123qweASD!@#,generated_user_firstname_46,generated_user_lastname_46,generated_user_email_46@mail.com,Moscow
generated_user_login_47,123qweASD!@#,generated_user_firstname_47,generated_user_lastname_47,generated_user_email_47@mail.com,Moscow
generated_user_login_48,123qweASD!@#,generated_user_firstname_48,generated_user_lastname_48,generated_user_email_48@mail.com,Moscow
generated_user_login_49,123qweASD!@#,generated_user_firstname_49,generated_user_lastname_49,generated_user_email_49@mail.com,Moscow
